{
  "configuration": {
    "task_type": "terasort",
    "data_size": "1GB",
    "slowstart_values": [
      0.05,
      0.1,
      0.2,
      0.3,
      0.5,
      0.7,
      0.8,
      0.9,
      1.0
    ],
    "runs_per_config": 3,
    "num_reducers": 4
  },
  "optimal_analysis": {
    "optimal_slowstart": 0.05,
    "optimal_time": 41.913333333333334,
    "worst_slowstart": 1.0,
    "worst_time": 233.71,
    "improvement": 82.06609330651948
  },
  "summary_stats": [
    {
      "slowstart": 0.05,
      "job_elapsed_time_mean": 41.913333333333334,
      "job_elapsed_time_std": 0.1501110699892995,
      "job_elapsed_time_min": 41.74,
      "job_elapsed_time_max": 42.0,
      "avg_map_time_mean": 13.656666666666666,
      "avg_shuffle_time_mean": 13.966666666666667,
      "avg_merge_time_mean": 1.75,
      "avg_reduce_time_mean": 7.239999999999999,
      "map_completion_time_mean": 30.463333333333335,
      "first_reduce_start_time_mean": 15.306666666666667,
      "reduce_completion_time_mean": 41.77333333333333,
      "total_map_time_mean": 218.61,
      "total_reduce_time_mean": 91.83,
      "cpu_time_mean": 161.59333333333333,
      "gc_time_mean": 6.926666666666667,
      "physical_memory_bytes_mean": 8071222613.333333,
      "virtual_memory_bytes_mean": 66633695232.0,
      "peak_map_physical_memory_mean": 353643178.6666667,
      "peak_reduce_physical_memory_mean": 734631253.3333334,
      "reduce_shuffle_bytes_mean": 1116691856.0,
      "reduce_elapsed_stddev_mean": 3.17
    },
    {
      "slowstart": 0.1,
      "job_elapsed_time_mean": 79.45,
      "job_elapsed_time_std": 5.422536306932389,
      "job_elapsed_time_min": 74.83,
      "job_elapsed_time_max": 85.42,
      "avg_map_time_mean": 14.263333333333334,
      "avg_shuffle_time_mean": 35.38333333333333,
      "avg_merge_time_mean": 2.3533333333333335,
      "avg_reduce_time_mean": 12.079999999999998,
      "map_completion_time_mean": 61.05666666666667,
      "first_reduce_start_time_mean": 22.03,
      "reduce_completion_time_mean": 79.41333333333334,
      "total_map_time_mean": 229.58666666666667,
      "total_reduce_time_mean": 199.26333333333332,
      "cpu_time_mean": 184.35999999999999,
      "gc_time_mean": 6.566666666666666,
      "physical_memory_bytes_mean": 8341942272.0,
      "virtual_memory_bytes_mean": 66670279338.666664,
      "peak_map_physical_memory_mean": 352925013.3333333,
      "peak_reduce_physical_memory_mean": 861446144.0,
      "reduce_shuffle_bytes_mean": 1116691856.0,
      "reduce_elapsed_stddev_mean": 8.056666666666667
    },
    {
      "slowstart": 0.2,
      "job_elapsed_time_mean": 63.02,
      "job_elapsed_time_std": 8.945104806540842,
      "job_elapsed_time_min": 52.9,
      "job_elapsed_time_max": 69.87,
      "avg_map_time_mean": 12.653333333333334,
      "avg_shuffle_time_mean": 30.233333333333334,
      "avg_merge_time_mean": 2.0966666666666667,
      "avg_reduce_time_mean": 8.03,
      "map_completion_time_mean": 49.96666666666667,
      "first_reduce_start_time_mean": 17.82,
      "reduce_completion_time_mean": 62.96,
      "total_map_time_mean": 209.64666666666668,
      "total_reduce_time_mean": 161.45000000000002,
      "cpu_time_mean": 175.56333333333336,
      "gc_time_mean": 6.256666666666667,
      "physical_memory_bytes_mean": 8408513194.666667,
      "virtual_memory_bytes_mean": 66626961408.0,
      "peak_map_physical_memory_mean": 354942976.0,
      "peak_reduce_physical_memory_mean": 842197674.6666666,
      "reduce_shuffle_bytes_mean": 1116691856.0,
      "reduce_elapsed_stddev_mean": 3.733333333333333
    },
    {
      "slowstart": 0.3,
      "job_elapsed_time_mean": 68.64666666666666,
      "job_elapsed_time_std": 13.443862292263093,
      "job_elapsed_time_min": 53.17,
      "job_elapsed_time_max": 77.43,
      "avg_map_time_mean": 14.166666666666666,
      "avg_shuffle_time_mean": 31.94666666666667,
      "avg_merge_time_mean": 2.2133333333333334,
      "avg_reduce_time_mean": 10.04,
      "map_completion_time_mean": 52.51333333333334,
      "first_reduce_start_time_mean": 18.38,
      "reduce_completion_time_mean": 68.60333333333334,
      "total_map_time_mean": 229.77666666666664,
      "total_reduce_time_mean": 176.78333333333333,
      "cpu_time_mean": 188.04333333333332,
      "gc_time_mean": 6.543333333333333,
      "physical_memory_bytes_mean": 8386502656.0,
      "virtual_memory_bytes_mean": 66658256213.333336,
      "peak_map_physical_memory_mean": 353550336.0,
      "peak_reduce_physical_memory_mean": 855710378.6666666,
      "reduce_shuffle_bytes_mean": 1116691856.0,
      "reduce_elapsed_stddev_mean": 5.543333333333333
    },
    {
      "slowstart": 0.5,
      "job_elapsed_time_mean": 64.26333333333334,
      "job_elapsed_time_std": 3.9411842551869305,
      "job_elapsed_time_min": 59.83,
      "job_elapsed_time_max": 67.37,
      "avg_map_time_mean": 13.04,
      "avg_shuffle_time_mean": 15.856666666666667,
      "avg_merge_time_mean": 2.53,
      "avg_reduce_time_mean": 9.903333333333334,
      "map_completion_time_mean": 41.17666666666667,
      "first_reduce_start_time_mean": 26.643333333333334,
      "reduce_completion_time_mean": 64.22666666666667,
      "total_map_time_mean": 208.60333333333332,
      "total_reduce_time_mean": 113.16000000000001,
      "cpu_time_mean": 199.0,
      "gc_time_mean": 6.87,
      "physical_memory_bytes_mean": 8110564693.333333,
      "virtual_memory_bytes_mean": 66636247040.0,
      "peak_map_physical_memory_mean": 353136640.0,
      "peak_reduce_physical_memory_mean": 795062272.0,
      "reduce_shuffle_bytes_mean": 1116691856.0,
      "reduce_elapsed_stddev_mean": 8.386666666666667
    },
    {
      "slowstart": 0.7,
      "job_elapsed_time_mean": 53.870000000000005,
      "job_elapsed_time_std": 1.2842118205342903,
      "job_elapsed_time_min": 52.71,
      "job_elapsed_time_max": 55.25,
      "avg_map_time_mean": 12.13,
      "avg_shuffle_time_mean": 12.413333333333334,
      "avg_merge_time_mean": 1.7766666666666666,
      "avg_reduce_time_mean": 8.73,
      "map_completion_time_mean": 42.16,
      "first_reduce_start_time_mean": 29.923333333333332,
      "reduce_completion_time_mean": 53.81666666666666,
      "total_map_time_mean": 195.38666666666668,
      "total_reduce_time_mean": 91.67666666666666,
      "cpu_time_mean": 173.53,
      "gc_time_mean": 5.656666666666666,
      "physical_memory_bytes_mean": 8162735445.333333,
      "virtual_memory_bytes_mean": 66660655104.0,
      "peak_map_physical_memory_mean": 355662506.6666667,
      "peak_reduce_physical_memory_mean": 758792192.0,
      "reduce_shuffle_bytes_mean": 1116691856.0,
      "reduce_elapsed_stddev_mean": 0.6366666666666666
    },
    {
      "slowstart": 0.8,
      "job_elapsed_time_mean": 67.83,
      "job_elapsed_time_std": 24.185020157113783,
      "job_elapsed_time_min": 53.35,
      "job_elapsed_time_max": 95.75,
      "avg_map_time_mean": 13.07,
      "avg_shuffle_time_mean": 9.85,
      "avg_merge_time_mean": 2.56,
      "avg_reduce_time_mean": 9.793333333333333,
      "map_completion_time_mean": 48.25666666666666,
      "first_reduce_start_time_mean": 40.38666666666666,
      "reduce_completion_time_mean": 67.78666666666668,
      "total_map_time_mean": 211.23000000000002,
      "total_reduce_time_mean": 88.81333333333333,
      "cpu_time_mean": 193.73333333333335,
      "gc_time_mean": 6.609999999999999,
      "physical_memory_bytes_mean": 8192389120.0,
      "virtual_memory_bytes_mean": 66633581909.333336,
      "peak_map_physical_memory_mean": 351267498.6666667,
      "peak_reduce_physical_memory_mean": 817096021.3333334,
      "reduce_shuffle_bytes_mean": 1116691856.0,
      "reduce_elapsed_stddev_mean": 3.3766666666666665
    },
    {
      "slowstart": 0.9,
      "job_elapsed_time_mean": 189.20333333333335,
      "job_elapsed_time_std": 77.15752998465757,
      "job_elapsed_time_min": 100.12,
      "job_elapsed_time_max": 234.93,
      "avg_map_time_mean": 16.083333333333332,